{"cameraMode":{"drawMode":0,"name":"Shaded","section":"Shading Mode"},"sceneLighting":true,"audioPlay":false,"sceneViewState":{"showFog":true,"showMaterialUpdate":false,"showSkybox":true,"showFlares":true,"showImageEffects":true,"showParticleSystems":true},"in2DMode":false,"pivot":{"x":-3.3104348182678224,"y":2.9739174842834474,"z":8.686294555664063},"rotation":{"x":0.2029014378786087,"y":-0.453093022108078,"z":0.10671575367450714,"w":0.8614810109138489},"size":7.543718338012695,"orthographic":false}