{"cameraMode":{"drawMode":0,"name":"Shaded","section":"Shading Mode"},"sceneLighting":true,"audioPlay":false,"sceneViewState":{"showFog":true,"showMaterialUpdate":true,"showSkybox":true,"showFlares":true,"showImageEffects":true,"showParticleSystems":true},"in2DMode":false,"pivot":{"x":8.107799530029297,"y":6.842280387878418,"z":-55.6318244934082},"rotation":{"x":-0.029951782897114755,"y":0.05394947901368141,"z":-0.0016189704183489085,"w":-0.9980930685997009},"size":10.674291610717774,"orthographic":false}