{"cameraMode":{"drawMode":0,"name":"Shaded","section":"Shading Mode"},"sceneLighting":false,"audioPlay":false,"sceneViewState":{"showFog":true,"showMaterialUpdate":true,"showSkybox":false,"showFlares":true,"showImageEffects":true,"showParticleSystems":true},"in2DMode":false,"pivot":{"x":-30.911680221557618,"y":-2.046236038208008,"z":-5.7597503662109379},"rotation":{"x":0.10521241277456284,"y":-0.1418246179819107,"z":0.015161571092903614,"w":0.9841678142547607},"size":63.702022552490237,"orthographic":false}